{
  "predictions": {
    "AAPL": 0.001554975169710815,
    "AMZN": 0.0010409459937363863,
    "GOOG": 0.000855625607073307,
    "JNJ": 0.0014063164126127958,
    "JPM": 0.0018527902429923415,
    "META": 0.002294795587658882,
    "MSFT": 0.0002708297688513994,
    "NVDA": 0.002090984955430031,
    "TSLA": 0.0007141223177313805,
    "V": 0.0007470775162801147
  },
  "trading_signals": {
    "AAPL": {
      "signal": "BUY",
      "confidence": 0.001554975169710815
    },
    "AMZN": {
      "signal": "BUY",
      "confidence": 0.0010409459937363863
    },
    "GOOG": {
      "signal": "HOLD",
      "confidence": 0.000855625607073307
    },
    "JNJ": {
      "signal": "BUY",
      "confidence": 0.0014063164126127958
    },
    "JPM": {
      "signal": "BUY",
      "confidence": 0.0018527902429923415
    },
    "META": {
      "signal": "BUY",
      "confidence": 0.002294795587658882
    },
    "MSFT": {
      "signal": "HOLD",
      "confidence": 0.0002708297688513994
    },
    "NVDA": {
      "signal": "BUY",
      "confidence": 0.002090984955430031
    },
    "TSLA": {
      "signal": "HOLD",
      "confidence": 0.0007141223177313805
    },
    "V": {
      "signal": "HOLD",
      "confidence": 0.0007470775162801147
    }
  },
  "evaluation_results": {
    "AAPL": {
      "mse": 0.00020786283151439877,
      "mae": 0.010893184546773661,
      "r2": -0.0029535914059459767
    },
    "AMZN": {
      "mse": 0.0002802839488237926,
      "mae": 0.013548129562390149,
      "r2": -7.067216860323633e-05
    },
    "GOOG": {
      "mse": 0.00024240753986358503,
      "mae": 0.012698553917904105,
      "r2": -0.006170996858715139
    },
    "JNJ": {
      "mse": 8.196831327696868e-05,
      "mae": 0.007224996539955685,
      "r2": -0.002124022034629691
    },
    "JPM": {
      "mse": 0.00013972833940014564,
      "mae": 0.009246030913610285,
      "r2": -0.00105775597663893
    },
    "META": {
      "mse": 0.0003076585009786679,
      "mae": 0.013757917893542042,
      "r2": -0.00815126821264145
    },
    "MSFT": {
      "mse": 0.00013802917778306365,
      "mae": 0.00897574358658607,
      "r2": 0.0005657356766920474
    },
    "NVDA": {
      "mse": 0.0006097614243256804,
      "mae": 0.01969820776856354,
      "r2": -0.0003063356518213656
    },
    "TSLA": {
      "mse": 0.0011320929897899205,
      "mae": 0.027580913358800606,
      "r2": -0.0011497012589114508
    },
    "V": {
      "mse": 0.00011973365418750781,
      "mae": 0.008534971317555916,
      "r2": 0.0004137384639552044
    }
  },
  "signal_summary": {
    "buy_count": 6,
    "sell_count": 0,
    "hold_count": 4
  },
  "prediction_stats": {
    "mean": 0.0012828463572077454,
    "std": 0.0006298389025262974,
    "min": 0.0002708297688513994,
    "max": 0.002294795587658882
  },
  "timestamp": "2025-11-12T17:45:05.523400"
}